Model,Train Acc,Test Acc,Balanced Acc,F1,MCC,AUC
Random_Forest_Tuned,0.8108687585041026,0.8035949868073878,0.8067985908845849,0.7908691834942932,0.6098292324778475,0.8844309487739076
Voting_Classifier,0.8006019873830041,0.7889182058047494,0.7879481753034736,0.7664233576642335,0.5742366516238361,0.8742429474015787
Stacking_Classifier,0.8062507731002351,0.8001319261213721,0.80223438521365,0.7850301525363604,0.6009823852388261,0.8787911278815743
Neural_Network,0.6993093490600586,0.6962401055408971,0.683681013893455,0.6254575030500203,0.3788194497861004,0.7615240672485297
