Feature,Importance
Number of Children,0.0023355006070901905
Employment Status_Unemployed,0.050124540199267736
Age,0.08140465448122368
Marital Status_Single,0.1399069129631692
Marital Status_Married,0.16472665152556099
Marital Status_Widowed,0.22977182933822288
