Model,Train Accuracy,Test Accuracy,Balanced Accuracy,F1-Score,MCC,CV Mean,CV Std,Test AUC
Logistic Regression,0.9998455739936136,0.9998324887976884,0.9998324887976884,0.9998324607329843,0.9996650336965857,0.9998455739936135,6.845362943316892e-05,0.9999911264625205
Decision Tree,0.9806731926922473,0.9808827840361825,0.9808827840361825,0.9810234452943133,0.9618712705273507,0.9805815840443909,0.0009163631322973215,0.9990659618606581
Random Forest,1.0,0.9993718329913313,0.9993718329913313,0.9993718198379296,0.9987436668584361,0.9991755221692928,0.00011908405136448492,0.9999384988309878
Gradient Boost,0.9990184787729676,0.9989216466351187,0.9989216466351187,0.9989218610980269,0.9978433722375464,0.9977673663822436,0.000345316967397184,0.9999535876591097
XGBoost,0.9998508087734911,0.9998324887976884,0.9998324887976884,0.9998324607329843,0.9996650336965857,0.9998455739936135,7.558775625919335e-05,0.9999535477612932
MLP Classifier,0.9998455739936136,0.9998324887976884,0.9998324887976884,0.9998324607329843,0.9996650336965857,0.9998455739936135,6.845362943316892e-05,0.9999742847610924
