Model,Train Accuracy,Test Accuracy,Balanced Accuracy,F1-Score,MCC,CV Mean,CV Std,Test AUC
Logistic Regression,0.9997870981477539,1.0,1.0,1.0,1.0,0.9997870942297811,0.0001158950307359303,1.0
Decision Tree,0.9824474250703759,0.9785220929132368,0.9785227462352207,0.9786674184757072,0.9571355689599456,0.976107655763119,0.0008568783492877365,0.9964519726104116
Random Forest,1.0,0.9924306935377046,0.9924307829924436,0.9924371336736623,0.984863152999598,0.9911054264236119,0.00038452478213398406,0.9997061155327268
Gradient Boost,0.9989591465001301,0.9985807550383197,0.998580746073364,0.9985804864199868,0.9971615278540864,0.9978709450958518,0.0006565565646436726,0.9999954164479333
XGBoost,0.9998344096704752,0.999716151007664,0.9997161778618733,0.9997162047110018,0.999432463089785,0.9994086115600801,0.00014958739842318994,0.9999996419099948
MLP Classifier,0.9997634423863933,1.0,1.0,1.0,1.0,0.999716127505069,9.4631161476676e-05,1.0
